ID,Category
xguwzbbzwk.png,Sugar beet
oswkkowqvz.png,Sugar beet
qcrkaeslvl.png,Sugar beet
dtdslbefyx.png,Sugar beet
yiileyjjhe.png,Sugar beet
nlludoykla.png,Sugar beet
cnheaqhxqt.png,Sugar beet
rzzjknapjs.png,Sugar beet
grzdqhgeak.png,Sugar beet
uvtvmblvjo.png,Sugar beet
jcilzpibbz.png,Sugar beet
yibnafoaxf.png,Sugar beet
spdgdkcepq.png,Sugar beet
ejtlwirher.png,Sugar beet
dfgbjqnati.png,Sugar beet
gnpsxzmtyc.png,Sugar beet
klpnpjyivp.png,Sugar beet
yxisbqyscm.png,Sugar beet
ussouonjgd.png,Sugar beet
xuokqkhztn.png,Sugar beet
ccsndfakoa.png,Sugar beet
lqexozcwho.png,Sugar beet
tnbvirxswd.png,Sugar beet
fvztcrugqu.png,Sugar beet
wetxmsnrzw.png,Sugar beet
xszjzdswpb.png,Sugar beet
uqxrxhzswk.png,Sugar beet
nfobdshfgw.png,Sugar beet
vyotleojfd.png,Sugar beet
uoxvlwbdwx.png,Sugar beet
opceozfkju.png,Sugar beet
jguxobbjmt.png,Sugar beet
qokljrzywp.png,Sugar beet
hczobzsedt.png,Sugar beet
kxjmbmkeln.png,Sugar beet
luxewyqcsh.png,Sugar beet
fckyfnwrys.png,Sugar beet
eneslicrsf.png,Sugar beet
ffjlphxiuu.png,Sugar beet
fyfubgduqt.png,Sugar beet
vtkdbolatn.png,Sugar beet
owyschkqbe.png,Sugar beet
pomucvhlfv.png,Sugar beet
wjawzyfooy.png,Sugar beet
fvamzmlieq.png,Sugar beet
texadqxftk.png,Sugar beet
ntzysdkdix.png,Sugar beet
nwrkywehcy.png,Sugar beet
pedubxpgdt.png,Sugar beet
xcvoiwqvcg.png,Sugar beet
behrxwzueb.png,Sugar beet
yepdzaiaib.png,Sugar beet
owbizztxio.png,Sugar beet
nrnriwuejd.png,Sugar beet
jkqngvlewv.png,Sugar beet
qabrdzczqv.png,Sugar beet
kikggejczw.png,Sugar beet
bfgtphhmiu.png,Sugar beet
kudsenexjy.png,Sugar beet
zalxfcspuw.png,Sugar beet
eoonmblmys.png,Sugar beet
kgkrsiaqvp.png,Sugar beet
bddyvdvkgo.png,Sugar beet
vzdumodmix.png,Sugar beet
mvkdsviofo.png,Sugar beet
wwswkbrcoq.png,Sugar beet
qtjddsbodz.png,Sugar beet
xonkpltokc.png,Sugar beet
ltezzmzali.png,Sugar beet
yhfihoroja.png,Sugar beet
biwpjwytdz.png,Sugar beet
eivyqukhbm.png,Sugar beet
rvfmmxhwiz.png,Sugar beet
kqwtvzaojh.png,Sugar beet
copzwrcqpp.png,Sugar beet
gxnltnusrw.png,Sugar beet
tkztxnbzii.png,Sugar beet
klaxtxwzpy.png,Sugar beet
ibwiahxzjd.png,Sugar beet
bjogjvvgoo.png,Sugar beet
ikqxkgqcoe.png,Sugar beet
tywabsvqra.png,Sugar beet
xomnxcytvu.png,Sugar beet
gydhgjmbeu.png,Sugar beet
pvhcgpwxmh.png,Sugar beet
gqaqxfsrjm.png,Sugar beet
qtijdvholg.png,Sugar beet
kvddwpydof.png,Sugar beet
vfqjxktqla.png,Sugar beet
bbtaboqkyy.png,Sugar beet
wnriletlub.png,Sugar beet
acmbgjflct.png,Sugar beet
axckzqattx.png,Sugar beet
vpbmhakghw.png,Sugar beet
mfomxojopt.png,Sugar beet
bcftvziwoc.png,Sugar beet
dhuxgfcbyw.png,Sugar beet
centurrxas.png,Sugar beet
byagcjezqs.png,Sugar beet
egpzdxqvpd.png,Sugar beet
rnhghabnja.png,Sugar beet
zohdvivbam.png,Sugar beet
oczlkbzzex.png,Sugar beet
zyannmjnzp.png,Sugar beet
ashctxuyff.png,Sugar beet
otxsimogas.png,Sugar beet
hdyiqjujhu.png,Sugar beet
pugdpqkpds.png,Sugar beet
fveomjdzuo.png,Sugar beet
sriaeshyfk.png,Sugar beet
kwskdnjgxc.png,Sugar beet
aijmdaocym.png,Sugar beet
yrwjmfhwry.png,Sugar beet
bodktpofui.png,Sugar beet
zuwhjhacws.png,Sugar beet
mtwprfngsm.png,Sugar beet
dcujdmvsic.png,Sugar beet
pmzasfyhcf.png,Sugar beet
fuqyhdpdtd.png,Sugar beet
dantaresqw.png,Sugar beet
rysjkwilea.png,Sugar beet
rozjkntalf.png,Sugar beet
szkvxeczgx.png,Sugar beet
mslovezast.png,Sugar beet
rjnqfhkkgg.png,Sugar beet
azlgnuwzcc.png,Sugar beet
dkkudibscv.png,Sugar beet
ablzkpojla.png,Sugar beet
lryxdoxxwt.png,Sugar beet
lwvfwbtvrh.png,Sugar beet
kzimmhgkpz.png,Sugar beet
juwtbqhsyo.png,Sugar beet
nppwjyjmij.png,Sugar beet
jkgkgynekg.png,Sugar beet
esqiikafkg.png,Sugar beet
lzxpeiohkd.png,Sugar beet
lxgzskpnwx.png,Sugar beet
luqiohnxce.png,Sugar beet
bcgxgybctb.png,Sugar beet
ytsulvbzxv.png,Sugar beet
fonhdnueip.png,Sugar beet
afhcnytjtd.png,Sugar beet
twoizkzkuo.png,Sugar beet
wevwmedvob.png,Sugar beet
yuztpjtmed.png,Sugar beet
smuxpsnmfu.png,Sugar beet
hbxgyftyqv.png,Sugar beet
pffbrwnwpk.png,Sugar beet
cmfxlbnrbp.png,Sugar beet
vynrynkwkm.png,Sugar beet
ghypwdbcff.png,Sugar beet
irjbsiqtgs.png,Sugar beet
mcjydfzolz.png,Sugar beet
ropkdhzrzm.png,Sugar beet
lhpvqttjie.png,Sugar beet
rligefteug.png,Sugar beet
txiwvlakgu.png,Sugar beet
dmavvtqoxt.png,Sugar beet
urwemzusdg.png,Sugar beet
gophqculko.png,Sugar beet
tgbzqodhlx.png,Sugar beet
iyxxzvnlxh.png,Sugar beet
dwpvnaiokv.png,Sugar beet
tmbhykykjg.png,Sugar beet
wxjxmffeed.png,Sugar beet
drzdqzpgwe.png,Sugar beet
onavlwurkq.png,Sugar beet
kenccrblre.png,Sugar beet
phgwpwvqkb.png,Sugar beet
osnuizbvjn.png,Sugar beet
tmkjfxxvhn.png,Sugar beet
ahoyeyvosg.png,Sugar beet
glsgvqoesy.png,Sugar beet
zujctolcqc.png,Sugar beet
wbxkuxvlen.png,Sugar beet
qtwvmpwqxr.png,Sugar beet
pjobdwurhq.png,Sugar beet
ekhgcopiiq.png,Sugar beet
qeprgfljaz.png,Sugar beet
vzgwwruqdb.png,Sugar beet
ujulzbekwm.png,Sugar beet
xvazcpzjle.png,Sugar beet
rgbtbzkxkf.png,Sugar beet
rygkcdbrrv.png,Sugar beet
nwrwawtrzv.png,Sugar beet
iaduingcvp.png,Sugar beet
vnhtiyawpu.png,Sugar beet
fpejmnedvr.png,Sugar beet
uuahfhgvmw.png,Sugar beet
armpwctjip.png,Sugar beet
dtabkfemaz.png,Sugar beet
jahcddjvyr.png,Sugar beet
bvaepccduw.png,Sugar beet
mmymoutzib.png,Sugar beet
ocylpkhemv.png,Sugar beet
hwbvvzkutf.png,Sugar beet
fuyezvysvn.png,Sugar beet
thqeyspstv.png,Sugar beet
sltboitadp.png,Sugar beet
syxzopexip.png,Sugar beet
vlhpmsqcqz.png,Sugar beet
ojfuceyusu.png,Sugar beet
tcsghsibwv.png,Sugar beet
lrbysstomm.png,Sugar beet
zzeoefhzlm.png,Sugar beet
apjrnavrnr.png,Sugar beet
kdczyuuixb.png,Sugar beet
mzxykzxxle.png,Sugar beet
jndsujvhje.png,Sugar beet
zhjkpmuikc.png,Sugar beet
hyqphcberu.png,Sugar beet
kaquxmovvp.png,Sugar beet
knumhcaapr.png,Sugar beet
nxejmhjgoh.png,Sugar beet
cgujptuaec.png,Sugar beet
jbjauzxtxb.png,Sugar beet
hkxtyipzxz.png,Sugar beet
vbritqqjow.png,Sugar beet
xftmznmtxv.png,Sugar beet
cvzjjgusqp.png,Sugar beet
ewyctucfck.png,Sugar beet
zlhzobehcl.png,Sugar beet
bptnacusgf.png,Sugar beet
pdeaibhxiu.png,Sugar beet
fhltslmfzk.png,Sugar beet
czjycoucuh.png,Sugar beet
jvayshwqgd.png,Sugar beet
xlhwjcbbex.png,Sugar beet
xwgxsdrayz.png,Sugar beet
znbfvhnfjm.png,Sugar beet
ldkwmgoqic.png,Sugar beet
bxrgvlrzfv.png,Sugar beet
mtivrcuxex.png,Sugar beet
wxwuwujcto.png,Sugar beet
abkieurfrr.png,Sugar beet
mrxgthconc.png,Sugar beet
oxqakwendg.png,Sugar beet
thrjzetcko.png,Sugar beet
kqlxakbfwp.png,Sugar beet
krriqxtudt.png,Sugar beet
kpvmarefih.png,Sugar beet
ydcurwxqsf.png,Sugar beet
dnbibfgxoh.png,Sugar beet
moixwcewua.png,Sugar beet
ztrphrqhxy.png,Sugar beet
uiivossmor.png,Sugar beet
xusjgbcmxp.png,Sugar beet
cslwurbopz.png,Sugar beet
jovmavvkba.png,Sugar beet
hiaajmpnox.png,Sugar beet
jjowhulavb.png,Sugar beet
zuxbncifsg.png,Sugar beet
eafcccjbiv.png,Sugar beet
lyctbsbcbl.png,Sugar beet
ulzmjrmejy.png,Sugar beet
pjtqzmwfrc.png,Sugar beet
dnqcuwdaau.png,Sugar beet
jhlgxwaoff.png,Sugar beet
fmtacmhggf.png,Sugar beet
xdsgngldrv.png,Sugar beet
qkowmghhek.png,Sugar beet
idftsblvbq.png,Sugar beet
qwuletixys.png,Sugar beet
lzyykebgdd.png,Sugar beet
aupdlpczgg.png,Sugar beet
niwsouxwfj.png,Sugar beet
lcczpgzriz.png,Sugar beet
nebzokaudm.png,Sugar beet
rdnrdirudn.png,Sugar beet
sdwynlrqzf.png,Sugar beet
igdnbxckll.png,Sugar beet
pafikvrdaw.png,Sugar beet
tjagllgitn.png,Sugar beet
fnrhbxjjbo.png,Sugar beet
ipmvpmkgxr.png,Sugar beet
vmoutndlat.png,Sugar beet
nxwdfjcuad.png,Sugar beet
feetokipby.png,Sugar beet
dckfmdcvny.png,Sugar beet
hyjituyuiy.png,Sugar beet
xymchwgcll.png,Sugar beet
gcacdntvms.png,Sugar beet
spxktyikhl.png,Sugar beet
gmwjzjoxrw.png,Sugar beet
txtftbejxr.png,Sugar beet
tsqgcquzat.png,Sugar beet
nwhwzzyhei.png,Sugar beet
gcpedilmtt.png,Sugar beet
fjbfszdasp.png,Sugar beet
xxfkdrrkkj.png,Sugar beet
sjilqfbtun.png,Sugar beet
ftkmtdinit.png,Sugar beet
vylpdviiec.png,Sugar beet
ectziftnbc.png,Sugar beet
hwcpqtbrfq.png,Sugar beet
ajjwrhipgh.png,Sugar beet
gjkrjbymlp.png,Sugar beet
drjoqyztny.png,Sugar beet
asgkdhflws.png,Sugar beet
kjxxhgggcm.png,Sugar beet
arkzcnxddq.png,Sugar beet
axzjvqaozv.png,Sugar beet
xhirnjphug.png,Sugar beet
mmcpkyltny.png,Sugar beet
xxicyapkdf.png,Sugar beet
mafbnskkjo.png,Sugar beet
rojhnoqhlm.png,Sugar beet
cmgnglzbdi.png,Sugar beet
ntknpvveuj.png,Sugar beet
uorwegqbec.png,Sugar beet
gcqqvzqict.png,Sugar beet
jwgnqgrzih.png,Sugar beet
eqepsdeimh.png,Sugar beet
xxjwjnkdug.png,Sugar beet
svzxubipqx.png,Sugar beet
mrlozvtega.png,Sugar beet
mhldplqjif.png,Sugar beet
gmlsvsjxeu.png,Sugar beet
czrhjufatu.png,Sugar beet
oxktdmivjg.png,Sugar beet
dxwxzokznk.png,Sugar beet
mjwwgfewpf.png,Sugar beet
ubafvuikug.png,Sugar beet
cszvtqcjyf.png,Sugar beet
izqyjccxms.png,Sugar beet
pospvdbklv.png,Sugar beet
gpptwfwhsq.png,Sugar beet
sjcuqgcvcx.png,Sugar beet
bugmoniqro.png,Sugar beet
epcnkrotto.png,Sugar beet
jxlipyulat.png,Sugar beet
sskmtqouuq.png,Sugar beet
rnrgskjbjb.png,Sugar beet
nljofyfoyq.png,Sugar beet
jxrwesyrlx.png,Sugar beet
slgxqupkbo.png,Sugar beet
mdoyjybwyg.png,Sugar beet
fgptseabcb.png,Sugar beet
outenevxze.png,Sugar beet
jufrtlrlvi.png,Sugar beet
pcixnxyvex.png,Sugar beet
vaabqcsdcy.png,Sugar beet
xcjokssbnw.png,Sugar beet
stcmijhsih.png,Sugar beet
lpsryofhmi.png,Sugar beet
fbesmagcov.png,Sugar beet
oywnbldthm.png,Sugar beet
rljccdnghl.png,Sugar beet
rjgffomcoj.png,Sugar beet
pregoqnfqj.png,Sugar beet
skvswklmwr.png,Sugar beet
mtubjqnsnj.png,Sugar beet
ywlhaaosgy.png,Sugar beet
tnjvlrcjgr.png,Sugar beet
tzypetkbgn.png,Sugar beet
rvalvyscrd.png,Sugar beet
lprugjkwze.png,Sugar beet
lynsyiemxe.png,Sugar beet
ojdocbynpn.png,Sugar beet
hffnddlswm.png,Sugar beet
wylutunhmi.png,Sugar beet
vpnabgqcnl.png,Sugar beet
oeahuykhjg.png,Sugar beet
metgklthvp.png,Sugar beet
lbmooerxyh.png,Sugar beet
nsdnlsidwk.png,Sugar beet
omtfyppxsf.png,Sugar beet
gbcldustxa.png,Sugar beet
jcpfoqgpwg.png,Sugar beet
zyzmjbpqhe.png,Sugar beet
kmdvdjjrja.png,Sugar beet
nnqyqntaab.png,Sugar beet
ehukpgpqcg.png,Sugar beet
qhhkpfaulm.png,Sugar beet
uyjeuqjlhe.png,Sugar beet
polmbggkqh.png,Sugar beet
yyyxkgoayc.png,Sugar beet
snsexnbdik.png,Sugar beet
